{"cameraMode":{"drawMode":0,"name":"Shaded","section":"Shading Mode"},"sceneLighting":true,"audioPlay":false,"sceneViewState":{"m_AlwaysRefresh":false,"showFog":true,"showSkybox":true,"showFlares":true,"showImageEffects":true,"showParticleSystems":true,"showVisualEffectGraphs":true,"m_FxEnabled":true},"in2DMode":false,"pivot":{"x":-0.696378231048584,"y":-0.2015768140554428,"z":0.19112315773963929},"rotation":{"x":-0.09901963174343109,"y":0.7040382623672485,"z":-0.10015495866537094,"w":-0.6960582137107849},"size":5.107395172119141,"orthographic":false}